<?xml version="1.0" encoding="UTF-8"?>
<krpano version="1.19"
        onstart="startup"
        logkey="false"
        bgcolor="#ffffff"
        projectfloorplanurl=""
        projecttitleid="project_title"
        projectdescriptionid="">


  <security cors="">
    <!--
    <crossdomainxml url="http://RESSOURCES_URL/crossdomain.xml" />
    -->
    <allowdomain domain="*" />
  </security>

  <krpano tour_firststartactiondone="false" />
  <events name="startbehavioursevents" onxmlcomplete="startbehavioursxmlcompleteaction();" keep="true"/>

  <!-- generated by Panotour Pro V2.5.0 64bits : 29-10-2017 19-40-38 -->
  <!-- Plugins and Spot Styles -->
  <include url="%FIRSTXML%/OBJECTIVE_skin_vr.xml"/>
  <!-- Core actions -->
  <include url="%FIRSTXML%/OBJECTIVE_core_vr.xml"/>
  <!-- Tour Messages -->
  <include url="%FIRSTXML%/OBJECTIVE_messages_en.xml"/>

  <action name="startup">

    if (s !== null, if (startscene === null, set(startscene, get(s));); );
    if (startscene === null,
      set(startscene, pano20);
    );
    mainloadsceneStartup(get(startscene));
    if (h !== null,
      if (v !== null,
        if (f !== null,
          lookat(get(h), get(v), get(f));
         ,
          lookat(get(h), get(v));
        );
      );
    );
  </action>

  <!-- 2 Groups -->

  <!-- Group Group 21 : 1 panoramas -->
  

<!-- **** @PanoName="02" @PanoFile="F:/JOBS/LGI - OBJECTIVE CORPORATION/vpost/02.jpg" **** -->
<!-- **** Width="4824px" Height="2412px" **** -->
<scene name="pano20"
       heading="0"
       thumburl="%FIRSTXML%/_02_20/thumbnail.jpg"
       backgroundsound=""
       backgroundsoundloops="0"
       haspolygons="false"
       titleid="pano20_title"
       descriptionid=""
       multires="true"
       planar="false"
       full360="true"
       video="false"
       seen="false">

    <autorotate horizon="0.000000" tofov="3.000000" waittime="1" speed="5"/>


    <panoview h="180.000000" v="0.000000" fov="3.000000" hmin="-180" hmax="180" vmin="-90" vmax="90" fovmax="90" />

    <view fisheye="0"
          limitview="range"
          hlookatmin="-180"
          hlookatmax="180"
          vlookatmin="-90"
          vlookatmax="90"
          maxpixelzoom="1.0"
          fovtype="VFOV"
          fovmax="90"
          fov="3.000000"
          hlookat="180.000000"
          vlookat="0.000000"/>

    <preview url="%FIRSTXML%/_02_20/preview.jpg" type="CUBESTRIP" striporder="FRBLUD" />


    <image type="CUBE" multires="true" baseindex="0" tilesize="512" devices="!androidstock|webgl">
      <level tiledimagewidth="1536" tiledimageheight="1536">
          <front url="_02_20/0/1/%v_%u.jpg"/>
          <right url="_02_20/1/1/%v_%u.jpg"/>
          <back  url="_02_20/2/1/%v_%u.jpg"/>
          <left  url="_02_20/3/1/%v_%u.jpg"/>
          <up    url="_02_20/4/1/%v_%u.jpg"/>
          <down  url="_02_20/5/1/%v_%u.jpg"/>
      </level>
      <level tiledimagewidth="1024" tiledimageheight="1024">
          <front url="_02_20/0/0/%v_%u.jpg"/>
          <right url="_02_20/1/0/%v_%u.jpg"/>
          <back  url="_02_20/2/0/%v_%u.jpg"/>
          <left  url="_02_20/3/0/%v_%u.jpg"/>
          <up    url="_02_20/4/0/%v_%u.jpg"/>
          <down  url="_02_20/5/0/%v_%u.jpg"/>
      </level>
    </image>
      <image type="CUBE" devices="androidstock.and.no-webgl">
        <front url="_02_20/mobile/0.jpg"/>
        <right url="_02_20/mobile/1.jpg"/>
        <back  url="_02_20/mobile/2.jpg"/>
        <left  url="_02_20/mobile/3.jpg"/>
        <up    url="_02_20/mobile/4.jpg"/>
        <down  url="_02_20/mobile/5.jpg"/>
      </image>




  <action name="setzorder2onstandardspots">
    if (device.html5,
      ifnot (device.desktop,


      );
    );
  </action>


</scene>


  <!-- Group Group 23 : 1 panoramas -->
  

<!-- **** @PanoName="08" @PanoFile="F:/JOBS/LGI - OBJECTIVE CORPORATION/vpost/08.jpg" **** -->
<!-- **** Width="4824px" Height="2412px" **** -->
<scene name="pano22"
       heading="0"
       thumburl="%FIRSTXML%/_08_22/thumbnail.jpg"
       backgroundsound=""
       backgroundsoundloops="0"
       haspolygons="false"
       titleid="pano22_title"
       descriptionid=""
       multires="true"
       planar="false"
       full360="true"
       video="false"
       seen="false">

    <autorotate horizon="0.000000" tofov="3.000000" waittime="1" speed="5"/>


    <panoview h="180.000000" v="0.000000" fov="3.000000" hmin="-180" hmax="180" vmin="-90" vmax="90" fovmax="90" />

    <view fisheye="0"
          limitview="range"
          hlookatmin="-180"
          hlookatmax="180"
          vlookatmin="-90"
          vlookatmax="90"
          maxpixelzoom="1.0"
          fovtype="VFOV"
          fovmax="90"
          fov="3.000000"
          hlookat="180.000000"
          vlookat="0.000000"/>

    <preview url="%FIRSTXML%/_08_22/preview.jpg" type="CUBESTRIP" striporder="FRBLUD" />


    <image type="CUBE" multires="true" baseindex="0" tilesize="512" devices="!androidstock|webgl">
      <level tiledimagewidth="1536" tiledimageheight="1536">
          <front url="_08_22/0/1/%v_%u.jpg"/>
          <right url="_08_22/1/1/%v_%u.jpg"/>
          <back  url="_08_22/2/1/%v_%u.jpg"/>
          <left  url="_08_22/3/1/%v_%u.jpg"/>
          <up    url="_08_22/4/1/%v_%u.jpg"/>
          <down  url="_08_22/5/1/%v_%u.jpg"/>
      </level>
      <level tiledimagewidth="1024" tiledimageheight="1024">
          <front url="_08_22/0/0/%v_%u.jpg"/>
          <right url="_08_22/1/0/%v_%u.jpg"/>
          <back  url="_08_22/2/0/%v_%u.jpg"/>
          <left  url="_08_22/3/0/%v_%u.jpg"/>
          <up    url="_08_22/4/0/%v_%u.jpg"/>
          <down  url="_08_22/5/0/%v_%u.jpg"/>
      </level>
    </image>
      <image type="CUBE" devices="androidstock.and.no-webgl">
        <front url="_08_22/mobile/0.jpg"/>
        <right url="_08_22/mobile/1.jpg"/>
        <back  url="_08_22/mobile/2.jpg"/>
        <left  url="_08_22/mobile/3.jpg"/>
        <up    url="_08_22/mobile/4.jpg"/>
        <down  url="_08_22/mobile/5.jpg"/>
      </image>




  <action name="setzorder2onstandardspots">
    if (device.html5,
      ifnot (device.desktop,


      );
    );
  </action>


</scene>


  <krpano nofullspherepanoavailable="false" />



</krpano>

