<?xml version="1.0" encoding="UTF-8"?>
<krpano version="1.19">

<!-- ********** -->
<!-- Classic Control Bar -->
<!-- id : controlBar_classic -->
<!-- ********** -->

  <krpano controlBar_classicbarbuilt="false" controlBar_classicbackgroundwidthwhenclosed="0" controlBar_classicbackgroundwidthwhenopened="0" controlBar_classicIsOpened="false" />
  <events name="controlBar_classicevents" 
    onxmlcomplete="controlBar_classicbuildMenuBar();" 


    keep="true" />



  <action name="controlBar_classicbuildMenuBar">
    ifnot (controlBar_classicbarbuilt, controlBar_classicbuildMenu(); set(controlBar_classicbarbuilt, true););
  </action>

  <action name="controlBar_classicbuildMenu">
    
    set(controlBar_classicbutton_pos, 20);








    if(plugin[ptpvrmode] AND device.html5,
      set(layer[controlBar_classicbtn_enter_vr].x, get(controlBar_classicbutton_pos));
      set(layer[controlBar_classicbtn_enter_vr_not].x, get(controlBar_classicbutton_pos));
      inc(controlBar_classicbutton_pos, 36);
    );


    if(plugin[gyroscope],
      set(controlBar_classicDisplayGyroscopeButton, false);
      if (device.tablet, set(controlBar_classicDisplayGyroscopeButton, true););
      if (device.mobile, set(controlBar_classicDisplayGyroscopeButton, true););
      if(controlBar_classicDisplayGyroscopeButton,
        set(layer[controlBar_classicbtn_gyroscope_on ].x, get(controlBar_classicbutton_pos));
        set(layer[controlBar_classicbtn_gyroscope_off].x, get(controlBar_classicbutton_pos));
        set(layer[controlBar_classicbtn_gyroscope_not].x, get(controlBar_classicbutton_pos));
        inc(controlBar_classicbutton_pos, 36);
      );
    );




    inc(controlBar_classicbutton_pos, 20);

    set(controlBar_classicbackgroundwidthwhenopened, get(controlBar_classicbutton_pos));



    
    add(controlBar_classicVerifyVisibility, 20, 20);
    if(controlBar_classicbackgroundwidthwhenopened == controlBar_classicVerifyVisibility,
      set(controlBar_classicbackgroundwidthwhenopened, 0);


    );

	
	
  </action>

	<events name="controlBar_classicStartTourEvents" onTourStart="controlBar_classicCallOnStartTour();" keep="true" />

	<action name="controlBar_classicCallOnStartTour">
		
		set(layer[controlBar_classicmenu_controlbar_bg_img].width, get(controlBar_classicbutton_pos));
		set(layer[controlBar_classicmenu_controlbar_bg].width, get(controlBar_classicbutton_pos));
		controlBar_classicshowMenuControls();
	</action>



  <style name="controlBar_classic_btn_style"
         keep="true"
         alpha="0.8"
         edge="right" align="right"
         width="36" height="36"
         zorder="3"
         onover="controlBar_classicctrlbaronoveraction();"
         onout="controlBar_classicctrlbaronoutaction();"
         onhover="showTooltip('plugin', controlBar_classicmenuTooltipStyle, bottom);"
         />
  <action name="controlBar_classicctrlbaronoveraction">
    tween(alpha,1,0.1,easeoutquad);
    tween(y,-2,0.1,easeoutquad);
  </action>  
  <action name="controlBar_classicctrlbaronoutaction">
    tween(alpha,0.8);
    tween(y,0,0.1,easeoutquad);
    hideTooltip();
  </action>

  <layer name="controlBar_classicmenu_controlbar_bg_img"
         keep="true"
         align="bottom"
         x="0" y="10"
         url="%FIRSTXML%/graphics/classiccontrolbar/footer.png"
         zorder="1"
         width="40"
         height="40"
         scale9grid="10|10|80|80"
         visible="false"
         />
  <layer name="controlBar_classicmenu_controlbar_bg"
         keep="true"
         align="bottom"
         x="0" y="10"
         type="container"
         zorder="2"
         width="40"
         height="40"
         visible="false"
         alpha="1.0"
         >


    <layer name="controlBar_classicbtn_gyroscope_off"
            url="%FIRSTXML%/graphics/classiccontrolbar/btn_gyroscope.png"
            style="controlBar_classic_btn_style"
            onclick="disableGyroscope();
"
            devices="html5"
            tooltip="controlBar_classicgyroOffTip"
            visible="false"
            />
    <layer name="controlBar_classicbtn_gyroscope_on"
            url="%FIRSTXML%/graphics/classiccontrolbar/btn_gyroscope.png"
            style="controlBar_classic_btn_style"
            onclick="enableGyroscope();
"
            devices="html5"
            tooltip="controlBar_classicgyroOnTip"
            visible="false"
            />
    <layer name="controlBar_classicbtn_gyroscope_not"
            url="%FIRSTXML%/graphics/classiccontrolbar/btn_gyroscope_off.png"
            style="controlBar_classic_btn_style"
            enabled="true"
            capture="false"
            devices="html5"
            tooltip="controlBar_classicgyroNotTip"
            visible="false"
            />







    <layer name="controlBar_classicbtn_enter_vr"
           url="%FIRSTXML%/graphics/classiccontrolbar/btn_vr_mode.png"
           onclick="js(accessWebVr());
"
           style="controlBar_classic_btn_style"
           visible="false"
           devices="html5"
           tooltip="controlBar_classicenterVRTip"
           />
    <layer name="controlBar_classicbtn_enter_vr_not"
           url="%FIRSTXML%/graphics/classiccontrolbar/btn_vr_mode_off.png"
           style="controlBar_classic_btn_style"
           enabled="true"
           capture="false"
           visible="false"
           devices="html5"
           tooltip="controlBar_classicenterVRNotTip"
           />



  </layer>


<events name="controlBar_classicvravailableevent"
		onvravailable="controlBar_classicupdateVrButtonsAvailability();"
		onvrunavailable="controlBar_classicupdateVrButtonsAvailability();"
		keep="true" devices="html5" />
	<krpano controlBar_classicmenuvravailable="false" />
	<action name="controlBar_classicupdateVrButtonsAvailability">
		if (tour_vrdevices,
			set(controlBar_classicmenuvravailable, true);
		,
			set(controlBar_classicmenuvravailable, false);
		);
		controlBar_classicupdateVrButtons();
	</action>
	<action name="controlBar_classicHideVrButtons">
		set(layer[controlBar_classicbtn_enter_vr].visible, false);
		if('%1' == 'true' AND plugin[ptpvrmode],
			set(layer[controlBar_classicbtn_enter_vr_not].visible, true);
		,
			set(layer[controlBar_classicbtn_enter_vr_not].visible, false);
		);
	</action>
	<action name="controlBar_classicShowVrButtons">
		if (controlBar_classicmenuvravailable,
			set(layer[controlBar_classicbtn_enter_vr].visible, true);
			set(layer[controlBar_classicbtn_enter_vr_not].visible, false);
		,
			controlBar_classicHideVrButtons(true);
		);
	</action>
	<action name="controlBar_classicupdateVrButtons">
	if (tour_vrdevices,
		if (controlBar_classicIsOpened,
			controlBar_classicShowVrButtons();
		,
			controlBar_classicHideVrButtons();
		);
	,
		if (controlBar_classicIsOpened,
			controlBar_classicHideVrButtons(true);
		,
			controlBar_classicHideVrButtons();
		);
	);
	</action>

	<events name="controlBar_classicgyroscopeavailableevent"
		ongyroscopeavailable="controlBar_classicupdateGyroscopeButtonsAvailability();"
		ongyroscopeunavailable="controlBar_classicupdateGyroscopeButtonsAvailability();"
		ongyroscopeon="controlBar_classicenableGyroscopeButtons(true);"
		ongyroscopeoff="controlBar_classicenableGyroscopeButtons(false);"
		keep="true" devices="html5" />
	<krpano controlBar_classicmenugyroscopeavailable="false" controlBar_classicmenugyroscopeenabled="false" />
	<action name="controlBar_classicupdateGyroscopeButtonsAvailability">
		if (tour_gyroscopedevices,
			set(controlBar_classicmenugyroscopeavailable, true);
			controlBar_classicupdateGyroscopeButtons();
		,
			set(controlBar_classicmenugyroscopeavailable, false);
			controlBar_classicupdateGyroscopeButtons();
		);
	</action>
	<action name="controlBar_classicenableGyroscopeButtons">
		if (tour_gyroscopedevices,
			set(controlBar_classicmenugyroscopeenabled, %1);
			controlBar_classicupdateGyroscopeButtons();
		);
	</action>
	<action name="controlBar_classicHideGyroscopeButtons">
		set(layer[controlBar_classicbtn_gyroscope_off].visible, false);
		set(layer[controlBar_classicbtn_gyroscope_on].visible, false);
		if('%1' == 'true' AND plugin[gyroscope],
			set(layer[controlBar_classicbtn_gyroscope_not].visible, true);
		,
			set(layer[controlBar_classicbtn_gyroscope_not].visible, false);
		);
	</action>
	<action name="controlBar_classicShowGyroscopeButtons">
		if (controlBar_classicmenugyroscopeavailable,
			if (controlBar_classicmenugyroscopeenabled,
				set(layer[controlBar_classicbtn_gyroscope_off].visible, true);
				set(layer[controlBar_classicbtn_gyroscope_on].visible, false);
			,
				set(layer[controlBar_classicbtn_gyroscope_off].visible, false);
				set(layer[controlBar_classicbtn_gyroscope_on].visible, true);
			);
			set(layer[controlBar_classicbtn_gyroscope_not].visible, false);
		,
			controlBar_classicHideGyroscopeButtons(true);
		);
	</action>
	<action name="controlBar_classicupdateGyroscopeButtons">
	if (tour_gyroscopedevices,
		if (controlBar_classicIsOpened,
			controlBar_classicShowGyroscopeButtons();
		,
			controlBar_classicHideGyroscopeButtons();
		);
	,
		if (controlBar_classicIsOpened,
			controlBar_classicHideGyroscopeButtons(true);
		,
			controlBar_classicHideGyroscopeButtons();
		);
	);
	</action>



  <action name="controlBar_classichideMenuControls">
    set(controlBar_classicIsOpened, false);

    controlBar_classicupdateVrButtons();






    controlBar_classicupdateGyroscopeButtons();



    if(controlBar_classicbackgroundwidthwhenclosed == 0,
      set(layer[controlBar_classicmenu_controlbar_bg_img].visible, false);
      set(layer[controlBar_classicmenu_controlbar_bg].visible, false);
    ,
      set(layer[controlBar_classicmenu_controlbar_bg_img].visible, true);
      set(layer[controlBar_classicmenu_controlbar_bg].visible, true);
    );
    tween(layer[controlBar_classicmenu_controlbar_bg_img].width,get(controlBar_classicbackgroundwidthwhenclosed),0.5,easeOutQuad);
    tween(layer[controlBar_classicmenu_controlbar_bg].width,get(controlBar_classicbackgroundwidthwhenclosed),0.5,easeOutQuad);
    tween(layer[controlBar_classicmenu_controlbar_bg_img].alpha,1.0,0.5,easeOutQuad);
  </action>
  <action name="controlBar_classicshowMenuControls">
    set(controlBar_classicIsOpened, true);
    if(controlBar_classicbackgroundwidthwhenopened == 0,
      set(layer[controlBar_classicmenu_controlbar_bg_img].visible, false);
      set(layer[controlBar_classicmenu_controlbar_bg].visible, false);
    ,
      set(layer[controlBar_classicmenu_controlbar_bg_img].visible, true);
      set(layer[controlBar_classicmenu_controlbar_bg].visible, true);
    );
    tween(layer[controlBar_classicmenu_controlbar_bg_img].alpha,1.0,0.5,easeOutQuad);
    controlBar_classicshowMenuButtons();


      tween(layer[controlBar_classicmenu_controlbar_bg_img].width, get(controlBar_classicbackgroundwidthwhenopened),0.5,easeOutQuad);
      tween(layer[controlBar_classicmenu_controlbar_bg].width, get(controlBar_classicbackgroundwidthwhenopened),0.5,easeOutQuad);


  </action>
  <action name="controlBar_classicshowMenuButtons">



    controlBar_classicupdateGyroscopeButtons();




    controlBar_classicupdateVrButtons();



  </action>






<layer name="controlBar_classicmenuTooltipStyle"
	keep="true"
	enabled="false"
	capture="false"
	url="%FIRSTXML%/graphics/textfield.swf"
	align="center"
	background="false"
	border="false"
	textshadow="1" textshadowrange="4.0" textshadowangle="45" textshadowcolor="0x000000" textshadowalpha="1"
	css="color:#e6e6e6;font-family:Helvetica;font-weight:bold;font-size:14px;text-align:left;"
	height="20"
	autoheight="true"
	autowidth="auto"
	selectable="false"
	zorder="0"
	visible="false"
	html=""
	padding="2"
	xoffset="0"
	yoffset="0"
	edge="bottom"
	/>


<!-- ********* -->
<!-- Gyroscope -->
<!-- ********* -->



<plugin name="gyroscope"
        url="%FIRSTXML%/graphics/gyro2.js"
        keep="true"
        devices="no-desktop.and.html5"

        onunavailable="checkGyroUnavailable();"
        sensor_mode="1"
        friction="auto"
        autocalibration="true"
        touch_mode="full"
        onavailable="delayedcall(1, checkGyroAvailability(););"
        enabled="false"
        activated="false"
        />

<events name="gyroscopeEvents" onnewpano="planarGyroscopeTest();" keep="true" />

<action name="planarGyroscopeTest">
  if(plugin[gyroscope],
          if(scene[get(xml.scene)].full360,
            set(sceneisfull360, false);
            sub(viewhfov, panoview.hmax, panoview.hmin);
            if (viewhfov == 360,
              sub(viewvfov, panoview.vmax, panoview.vmin);
              if (viewvfov == 180,
                set(sceneisfull360, true);
              );
            );
            if (sceneisfull360,
              set(plugin[gyroscope].camroll, true);
            ,
              set(plugin[gyroscope].camroll, false);
            );
          ,
            set(plugin[gyroscope].camroll, false);
          );
  );
</action>

<action name="changeGyroscopeState">
  if(plugin[gyroscope],
    if (plugin[gyroscope].isavailable,
        if(%1,
          set(plugin[gyroscope].activated,true);
        ,
          set(plugin[gyroscope].activated,false);
        );
        if (%1 !=  plugin[gyroscope].enabled,
          if(plugin[gyroscope].activated,
            switch(plugin[gyroscope].enabled);
          ,
            set(plugin[gyroscope].enabled, false);
          );
          if (plugin[gyroscope].enabled, events.dispatch(ongyroscopeon);, events.dispatch(ongyroscopeoff););
        );
    );
  );
</action>

<action name="checkGyroAvailability">
  if(plugin[gyroscope],
    if (plugin[gyroscope].isavailable,
        
        switch(plugin[gyroscope].enabled);
        set(plugin[gyroscope].activated,true);
        
        set(tour_gyroscopedevices, true);
        events.dispatch(ongyroscopeavailable);
    ,
      set(tour_gyroscopedevices, false);
    );
    if (plugin[gyroscope].enabled, events.dispatch(ongyroscopeon);, events.dispatch(ongyroscopeoff););
  ,
    checkGyroUnavailable();
  );
</action>

<action name="checkGyroUnavailable">
  set(plugin[gyroscope].activated, false);
  set(plugin[gyroscope].enabled, false);
  set(tour_gyroscopedevices, false);
  events.dispatch(ongyroscopeunavailable);
</action>

	<!-- WebVR plugin for VR availability tests -->

	<plugin name="ptpvrmode" devices="html5" keep="true"
		url="%FIRSTXML%/graphics/webvr.js"
		mobilevr_support="true"
		mobilevr_fake_support="false"
		vr_cursor=""
		vr_cursor_enabled="false"
		onavailable="delayedcall(1, checkVrAvailability(););"
		onunavailable="checkVrUnavailable();"
		/>
	<action name="checkVrAvailability">
		if(plugin[ptpvrmode],
			if (plugin[ptpvrmode].isavailable,
				set(tour_vrdevices, true);
				events.dispatch(onvravailable);
			,
				set(tour_vrdevices, false);
			);
		,
			checkVrUnavailable();
		);
	</action>
	<action name="checkVrUnavailable">
		set(tour_vrdevices, false);
		events.dispatch(onvrunavailable);
	</action>
  <action name="enableGyroscope">
    changeGyroscopeState(true);
  </action>
  <action name="disableGyroscope">
    changeGyroscopeState(false);
  </action>


</krpano>